{
  "manufacturer": "LG",
  "supportedModels": [
    "Unknown"
  ],
  "supportedController": "Broadlink",
  "commandsEncoding": "Base64",
  "minTemperature": 16.0,
  "maxTemperature": 30.0,
  "precision": 1.0,
  "operationModes": [
    "cool",
    "ai",
    "dry",
    "fan"
  ],
  "fanModes": [
    "lowest",
    "low",
    "mid",
    "high",
    "highest",
    "auto"
  ],
  "commands": {
    "off": "JgBAAGcAAUMSNBASEBIREREzEREREhEREDQQNBASEBIRERIQERIQEhASEBIQEhASEBIQNBERETMSERARERERMxEADQUAAAAAAAAAAA==",
    "cool": {
      "lowest": {
        "16": "JgBAAGoAAUEUMRIQEhERERIxEw8TDxMPEw8TDxMPExASMhIREhEREREREhASEBEyExASEBIQEhASMRMREhASMRMADQUAAAAAAAAAAA==",
        "17": "JgBAAGcAAUQQNBERERERERAzEhERERASEBIRERASEBIQNREREBIQEhASERERNBASEBIRERASEREQNBIREDQQEhEADQUAAAAAAAAAAA==",
        "18": "JgBAAGcAAUMRMxIRERERERA0EREQEhASEBIQEhASEBIQNBIQEBIRERIQERIRMxA0EBIQEhEREBIQNBIQETQRMxAADQUAAAAAAAAAAA==",
        "19": "JgBAAGcAAUMRMxIREBIQEREzEhEQEhASEBIQEhARERESMxIQEhERERERETMRERESEBIQEhARERESMxEzEhERERIADQUAAAAAAAAAAA==",
        "20": "JgBAAGkAAUESNBAREREREREzERERERASEhAQEhASEhASMhMPEhEQEhIQEDQSEBIyEhASEBIQEhASMhMyEg8TMRMADQUAAAAAAAAAAA==",
        "21": "JgBAAGgAAUMSMxAREhASEREzERERERESEBIQEhASEBIQMxEREREQEhERETMRMxIQEREREhASEBERMxE0EDQRERAADQUAAAAAAAAAAA==",
        "22": "JgBAAGgAAUMSMxEQEhESEBEzERERERERERIQEhASEBIQNBASEBIQERIQETQSMhEzEBIQEhASEBITMRA0EDMRMxEADQUAAAAAAAAAAA==",
        "23": "JgBAAGgAAUMSMxASEBIQEhA0EBIQEhARERIQEhASEBIQNBESEBIQEREzEhARERERERIQERESEBIQEhASEBEREREADQUAAAAAAAAAAA==",
        "24": "JgBAAGcAAUMSMxASEBIQEhA0EBIQEREREREREhASEBIQNBEREhAREREzEREQEhEzERERERERERERERESEBIQNBAADQUAAAAAAAAAAA==",
        "25": "JgBAAGgAAUMSMxASEBIQEhA0EBIQEhASEBIQEhASEBIRMxERERIQEhAzERIQNBARERERERESEBIQEhASEDQQEhAADQUAAAAAAAAAAA==",
        "26": "JgBAAGcAAUMTMhERERERERIyERIQEhASEBIRERERERIQNBASEBIQERE0ERERNBAzERERERERERERERESEDMRMxEADQUAAAAAAAAAAA==",
        "27": "JgBAAGgAAUMRMxEREREREREzERIQEhARERERERERERIQMxETEBIQEhAzETQQEhASEBIRERASEREREREzERIREREADQUAAAAAAAAAAA==",
        "28": "JgBAAGgAAUIUMREREREREREzEREREhAREREREg8RERIRMxESERIQEhA0EDQQEhAzERIQEhASEBIQERE0ERERMxEADQUAAAAAAAAAAA==",
        "29": "JgBAAGcAAUQQMxIREBEREREzEhEQEhEREBIRERERERERMxIQEREREREzETMQNBASEBIQEREREhASERA0EDQQEREADQUAAAAAAAAAAA",
        "30": "JgBAAGgAAUMQMxESEBIQEhAzEREREREREREREREREBIQNBEREBIQEhA0ETMRMxE0EBEREhARERESEBEzEjMQNBAADQUAAAAAAAAAAA"
      },
      "low": {
        "16": "JgBAAGcAAUMTMhEREREREhAzERIQEhASEBIQEhASEBIRNBASEBERERESEBEREhAyEjQQERERETMSERARETMREREADQUAAAAAAAAAAA==",
        "17": "JgBAAGcAAUMTMhEREhASEBEzERIQEhASEBIRERERERIQNBASEBIQEREREhASMhIREDQQEhARETQREhASEDQQNBAADQUAAAAAAAAAAA==",
        "18": "JgBAAGcAAUMTMxAREw8RERMxERIQEhASERERERERERIQNBASEBIQERERERESMhE0EDMREhASEDQQERE0EBIQEREADQUAAAAAAAAAAA==",
        "19": "JgBAAGcAAUQQNBIQERIQEhA0EBIQEhASEBIQEhASEBIQMxERERERERERETMRERERETMREhASETMREREzERESMxAADQUAAAAAAAAAAA==",
        "20": "JgBAAGcAAUQQNBMPEhAREREzEw8SEBEREw8SEBASEhAQNBEREBIRERERETQQEhIyEDQQEhASEDQQERE0EDQREREADQUAAAAAAAAAAA==",
        "21": "JgBAAGkAAUQQMxIRERIQEhA0EBIQERERERERERESEBERMxASEBIQEhASEDQQMxIRETMREhASEDQQERIyETQRMxEADQUAAAAAAAAAAA==",
        "22": "JgBAAGkAAUMRMxIREBIQEhA0EBIQEREREhEQEhASEBIQNBASEBIQEhASEDQQNBA0EDQQEhARETQQNBASEBIQEhAADQUAAAAAAAAAAA==",
        "23": "JgBAAGgAAUQRMhESEBIQEhA0EBIQEREREhEQEhASEBIQNBASEBIQEhA0EREREhASEDQQERERETMRNBASEBERNBAADQUAAAAAAAAAAA==",
        "24": "JgBAAGkAAUMSMxASEBIQEhA0EBIQEhASEBIQEhASERERMxEREhEQEhA0EBIQEhA0EDMRERERFDARMxESEDMSERAADQUAAAAAAAAAAA==",
        "25": "JgBAAGkAAUMSMxASEBIQEhEzEREQEhASEBIQEhERERERMxESEREQEhA0EBIQNBASEDQQERERETMRMxESEDQSMhEADQUAAAAAAAAAAA==",
        "26": "JgBAAGkAAUIRMxIREBIQEhA0EBIQERIQEhEQEhASEBIQNBASEBIQEhA0EBESMxA0EDQQEhAREjMQNBA0EBEREREADQUAAAAAAAAAAA==",
        "27": "JgBAAGgAAUQSMxAREhAREREzERIQERIQEhERERERERERMxEREREREREzETQQERERETMRERERETMRMxEzERERMxAADQUAAAAAAAAAAA==",
        "28": "JgBAAGgAAUQQNBIQEREREhAzERERERERERERERERERERMxEREREREhA0EDMSERA0EDMRERERETMRMxEzETMREREADQUAAAAAAAAAAA==",
        "29": "JgBAAGgAAUMSMxASEBIREREzEREQEhEREBIRERERERIQMxESERERERA0EDQQMxERETMSEBERETQQNBAzETMSMhIADQUAAAAAAAAAAA==",
        "30": "JgBAAGYAAUQRMxIQEREREREzEhEQEhASEBIQEhASEBIQMxIREBESERA0EDMRMxEzETMREhARETMRERESEBIQEhAADQUAAAAAAAAAAA=="
      },
      "mid": {
        "16": "JgBAAGkAAUAVMRMPEhASEREyEhASEBIQEhASERERERERMRQQEg8TEBIQEhEREBIxExASEBIxExATMBQPEzESMRMADQUAAAAAAAAAAA==",
        "17": "JgBAAGkAAUETMBQPExASEBIxEw8TDxMPEw8TEBEREhARMhMPExASEBIQEhASMhIQEhASEREyExASMRMxExASEREADQUAAAAAAAAAAA==",
        "18": "JgBAAGoAAUITMRMQEhASEREyEhASEBIQEhASERERERASMRMPExARERIQEhASMRMxExASDxMxEw8TMRMxExASMhMADQUAAAAAAAAAAA==",
        "19": "JgBAAGsAAUITMBQQEhASEREyEhASEBIQEhASERERERASMRMPExARERIQEjETDxMPExASEBIxEw8TMhIxEzEUDxIADQUAAAAAAAAAAA==",
        "20": "JgBAAGkAAUITMRMPExASEREyEg8TEBIQEhASEBIRERERMhMQEhEREBIQEjETDxMxEw8TEBIxEw8TMRIxEzETMRMADQUAAAAAAAAAAA==",
        "21": "JgBAAGkAAUITMRMQEw8TDxMxEw8TDxIREREREREREhARMhIPEw8TDxMQEjETMRMQEhASEBIyEhASEBIQEw8TDxMADQUAAAAAAAAAAA==",
        "22": "JgBAAGoAAUAUMRMPExASDxMyEg8TDxMQEhASEBIPEhESMhIQExASEBIRETISMhIyEw8SERIxEhASEREREhARMRQADQUAAAAAAAAAAA==",
        "23": "JgBAAGoAAUETMhIQEg8TEBIyEhASEBIRERASEBIPExASMRQQEhEREREyEhASEBMPExASDxMyEhASEBIQEjISERIADQUAAAAAAAAAAA==",
        "24": "JgBAAGkAAUETMRMPEw8TDxMxEw8TDxMPEw8TEBIQEhASMRMPExASEBIxExASEREyEhASEBIxFA8TDxMQEjETMRMADQUAAAAAAAAAAA==",
        "25": "JgBAAGsAAUETMRMQEhASEREyEhASEBIQEhASEREQEhASMhIQEhASEBIyEw8TMRMPEw8SEBIxEw8TDxMyEhASEBMADQUAAAAAAAAAAA==",
        "26": "JgBAAGoAAUETMRMQEhASEBIyEhASEBIQEhASEBIQEhATMRMQEhATEBIxEw8TMRMxEhATEBIxExASDxMxEw8TMRMADQUAAAAAAAAAAA==",
        "27": "JgBAAGgAAUMQMxESEREREREzERERERERERERERERERESMxEREREREhA0ETMRERASEBIQEhA0EBESERA0EDQQEhAADQUAAAAAAAAAAA==",
        "28": "JgBAAGkAAUMQMxIQEhEREREzEhARERERERERERIQEhARNBASEhAREhA0EDQQEhA0EBESEBE0EhARERA0EDQQMxEADQUAAAAAAAAAAA==",
        "29": "JgBAAGcAAUQTMhEREREQEhEzEREQEhASEBIQEhASEBIRMxERERIQEhA0EDQQMxEREREREREzERESMhIREBEREREADQUAAAAAAAAAAA==",
        "30": "JgBAAGoAAUMVMRMOFA4TDxQwFA8SEBMPEw8TDxQOFA8TMRMPEhATDhQxFDATMhMxEw8UDxMwFA4TMRMPEg8UMRQADQUAAAAAAAAAAA=="
      },
      "high": {
        "16": "JgBAAGoAAUEUMRMPExASEBIxEw8TEBERERERERIQEhASMhEREw8SERERERESEBEyEjISEBIxExASEBIRETISMhIADQUAAAAAAAAAAA==",
        "17": "JgBAAGoAAUAVMRIPExASEBIxEw8TEBIQEhASEBIRERASMRMPExASERIQEhASMRMPEzETDxMxEw8TDxMyEhASEBIADQUAAAAAAAAAAA==",
        "18": "JgBAAGoAAUAUMBQPEhASEBEyFA8SEBIRERASEBIQERETMRIRERETEBIQEhASMRMxEzETDxMxExASEREyERETMRMADQUAAAAAAAAAAA==",
        "19": "JgBAAGoAAUETMBQPExAREBEzEw8TDxIREREREBIQERETMRIRERETEBIQEjETDxMPEzETEBIxEw8TDxMxEzESEBIADQUAAAAAAAAAAA==",
        "20": "JgBAAGsAAUATMRMQEhASEBEzEhASDxMQEhASDxMQERESMhEREhESEREREjETDxMxEjIRERMwFA8TEBIxEzESMRMADQUAAAAAAAAAAA==",
        "21": "JgBAAGoAAUAUMBQPEhEREBEyFA8SEREQEhASEBIQERETMRIRERETEBIQEjETMRMPEzESEBIyERETMRIREw8TDxMADQUAAAAAAAAAAA==",
        "22": "JgBAAGkAAUETMBQPExASDxEyFA8TDxMQEREREBIQERETMRIRERETEBIQEjISMhIxEzESERMxEw8TMRMPEhASMRMADQUAAAAAAAAAAA==",
        "23": "JgBAAGsAAUATMRMQEhEREBEzExASEBIQEhASEBIRERASMRMQERERERMxExASEBIQEjEUDxIyEg8TMRMPEjITEBIADQUAAAAAAAAAAA==",
        "24": "JgBAAGsAAUATMhIPExASDxIyEw8TEBIQEhASDxMPEhESMhERERISEREyEhASEBIxEzESERIxFA8SMRMPEzETMRMADQUAAAAAAAAAAA==",
        "25": "JgBAAGoAAUEUMBIRExASEBIxEw8TDxMQEhASEBIQEhASMRIQEg8TERExEw8TMhEREzAUEBIxExASMRIzEhASEBIADQUAAAAAAAAAAA==",
        "26": "JgBAAGoAAUAUMBMPEw8TEBIxEw8SEBMPEw8TEBERERERMhIQEg8TEREyEhEQMhQxEzETDxMxEw8TMRMxEhARMhQADQUAAAAAAAAAAA==",
        "27": "JgBAAGoAAUATMRMPEw8TDxMxEw8SEBMPEw8SERERERASMhIPEw8TEBIyEjISEBMQEjETDxMxEhESMhIyEzESEBIADQUAAAAAAAAAAA==",
        "28": "JgBAAGoAAUATMRMPExASEBIxEw8SEBMPExAREREQEhASMhIQEhASEREyEjITDxMxEzETDxIyEw8SMhIyEjISMhMADQUAAAAAAAAAAA==",
        "29": "JgBAAGoAAUAUMhIQEhASEBIxExASERERERASEBIQERESMhIREhEREREyEjITMRMPEzETDxMxEw8TEBIQEhEREREADQUAAAAAAAAAAA==",
        "30": "JgBAAGoAAUAUMRMQEhASEBIxExASEBIQEhASEBIQERETMhERExASEBIxEzETMRMyEjISDxMxEw8TEBIPEw8TMRMADQUAAAAAAAAAAA=="
      },
      "highest": {
        "16": "JgBAAGYAAUQRNBEREREQEhA0EBIQEREREhEQEhARERERNBARERERERESEBIQEREzEhERMxAREhASMxIyEhERMxIADQUAAAAAAAAAAA==",
        "17": "JgBAAGgAAUQQNBIQEhEQEhA0EBIQEhARERIQEhASEBIQMxEREREQEhASERERMxEREhARMxIQERERMxIzEDMREhAADQUAAAAAAAAAAA==",
        "18": "JgBAAGgAAUMRNBIREBIQEREzERERERERERERERASEBIQNBASEBIQEhASEBIQNBEzERERMxESEBIQMxE0EjIRMxAADQUAAAAAAAAAAA==",
        "19": "JgBAAGcAAUMRNBIREBIQEREzERERERERERERERASEBIQNBASEBIQEhASEDQRERESEBIQMxEREhASEBEREREREREADQUAAAAAAAAAAA==",
        "20": "JgBAAGgAAUQTMhEREBIQEhA0EBIQEhASEBIQEhASEBIQNBIQERIQEhASEDQQEhA0EBIQNBIQERIQEREREREQNBAADQUAAAAAAAAAAA==",
        "21": "JgBAAGcAAUQRMxESEBIQEREzEREREREREREREREREBIQNBEREBIQEhASEDQRMxESEBERMxIREBIQERERETMRERIADQUAAAAAAAAAAA==",
        "22": "JgBAAGcAAUMRNBESEBEREREzEREREBIRERERERASEBIQNBASEBIQEhASEDQQNBE0EBERNBASEBEREhERETQQNBAADQUAAAAAAAAAAA==",
        "23": "JgBAAGcAAUQSMxASEBIQEhA0EBIQEhASEBIQEhASEBIRMxERERIQEhAzEREREhASEBIQNBASEBIQEhAzERERERAADQUAAAAAAAAAAA==",
        "24": "JgBAAGcAAUQSMhESEBIQEhA0EBIQEhASEBIQEhASEBIQNBIQERIQEREzEREREREzERERMxEREBESERA0EBIQMxEADQUAAAAAAAAAAA==",
        "25": "JgBAAGgAAUQQMhISEREREhA0EBEREREREhASEBERERERMxASEhASEBIyEBISMhARExARMxASEhAQERE0ETMREhAADQUAAAAAAAAAAA==",
        "26": "JgBAAGgAAUETMxEREREREREzERIQERERERIQEREREhERNBARERIREhA0EBIQMhIzERERMxIREREQEhA0EDMRMxEADQUAAAAAAAAAAA==",
        "27": "JgBAAGsAAUESNBAREREREREzEREQEhASEBIQEw8SERERMxERERIQEhA0EDQQEhATDxIQNBASEBIQMxEREBIQEhAADQUAAAAAAAAAAA==",
        "28": "JgBAAGcAAUQRMxEREREREhAzERERERERERERERERERERMxESEBIQEhA0EDQQEhA0EhARMxERERERNBASEBIQNBAADQUAAAAAAAAAAA==",
        "29": "JgBAAGgAAUMTMhEREREREREzERERERERERIQERERERESMxERERIREREzETMRMxERERIQNBASEBIRMxERETMREREADQUAAAAAAAAAAA==",
        "30": "JgBAAGcAAUMRMxIREBEREREzERIQEhASEBIQEhASEBIQMxIREBESERA0EDQQNBA0EBERNBARERESMxIQETMRMxEADQUAAAAAAAAAAA=="
      },
      "auto": {
        "16": "JgBAAGgAAUQSMxEREBIQEhEyERIQEhATEBIQEhASEBIQNBASEBIQEhASEBIQEhA0EREQNBESEDQQMxIzEDQQExAADQUAAAAAAAAAAA==",
        "17": "JgBAAGgAAUMSMxASEBIREREzEREQEhEREBIRERERERIQMxESERERERASEBIQNBEREBIRMxASEDQQMxIzEDQRMxEADQUAAAAAAAAAAA==",
        "18": "JgBAAGcAAUMRMxIREBIQEhAzERIQEhASEBIQEhASEBIQMxIREBIQEhASEBIQNBEzERERMxESEDMREhASEBIQEhAADQUAAAAAAAAAAA==",
        "19": "JgBAAGgAAUMTMhASEBIQEhA0EBIQEhARERIQEhASEBIQNBIQERIQERESEDQQEhARERIQNBARETMREhASEBIQMxEADQUAAAAAAAAAAA==",
        "20": "JgBAAGcAAUMRMxESEBIQEhA0EBIQEhASEBIQEhASEBIQNBERERERERESEDMRERE0EBIQNBASEDQQEhASEDQQEhAADQUAAAAAAAAAAA==",
        "21": "JgBAAGgAAUQQMxESEBIQEhA0EBIQEhASEBIQEhASEBIQNBASEBIQEhASEDQRMxEREREQNBASEDQQEhARETQRMxIADQUAAAAAAAAAAA==",
        "22": "JgBAAGgAAUMQNBEREREREREzERERERERERERERASEREQNBEREBIRERESEDQQNBA0EBERMxERETMRERA0EREREhAADQUAAAAAAAAAAA==",
        "23": "JgBAAGcAAUITMxASEBEREhAzEREREREREBIRERERERIQMxIRERERERA0EBIQEhASEBIRMxERETMREhAzERERMxAADQUAAAAAAAAAAA==",
        "24": "JgBAAGgAAUMRMxIQERERERA0EBIQERERERIQEhASEBERNBASEBEREhA0EBIQERIzEREQNBIQETQQERIzETMQEhAADQUAAAAAAAAAAA==",
        "25": "JgBAAGYAAUMTMxAREREREREzERIQEhASERERERESEBIQNBASEBIQERE0ERERNBASEBIQNBASEDQQEhA0EDQQNBAADQUAAAAAAAAAAA==",
        "26": "JgBAAGcAAUMRMxEREREREREzERERERERERERERERERERMxERERERERE0EBERNBA0EBIQMxERETMRMxERERIQEhAADQUAAAAAAAAAAA==",
        "27": "JgBAAGkAAUITMRIQEhATEBIyEBESEREQEhEQEhASEhAQNBIQERISDxEzEDQQEhASEBISMRESEDMRNBERERERNBAADQUAAAAAAAAAAA==",
        "28": "JgBAAGoAAUAUMRMPExASEBIxEw8TEBERERERERIQEhASMRIREw8SEREyEjISDxMxEhESMRQPEzETMRMPEzETDxMADQUAAAAAAAAAAA==",
        "29": "JgBAAGcAAUMRMxESEBIQERIyEhEQEhASEBEREREREhARNBEREhEQEhA0EDQQNBAREhERMxESEDMRNBARETMSMxEADQUAAAAAAAAAAA==",
        "30": "JgBAAGcAAUQSMxAREhASEREzEREREREREhEQEhASEBIQNBASEBIQERIzEjIQNBA0EREQNBERETMSMxA0EBIQEhAADQUAAAAAAAAAAA=="
      }
    },
    "ai": {
      "lowest": {
        "16": "JgBAAGcAAUQSMxASEBIQEhA0EBIQEhASEBIQEhASEBIQMxESEDQRMxASEBIQNBEREBERNBIQETMQEhAREjMQEhAADQUAAAAAAAAAAA==",
        "17": "JgBAAGcAAUQSMxASEBIQEhA0EBIQEhASEBIQEhASEBIQMxESEDQRMxASEBIQNBEREBERNBIQETMQEhAREjMQEhAADQUAAAAAAAAAAA==",
        "18": "JgBAAGcAAUQSMxASEBIQEhA0EBIQEhASEBIQEhASEBIQMxESEDQRMxASEBIQNBEREBERNBIQETMQEhAREjMQEhAADQUAAAAAAAAAAA==",
        "19": "JgBAAGcAAUQSMxASEBIQEhA0EBIQEhASEBIQEhASEBIQMxESEDQRMxASEBIQNBEREBERNBIQETMQEhAREjMQEhAADQUAAAAAAAAAAA==",
        "20": "JgBAAGcAAUQSMxASEBIQEhA0EBIQEhASEBIQEhASEBIQMxESEDQRMxASEBIQNBEREBERNBIQETMQEhAREjMQEhAADQUAAAAAAAAAAA==",
        "21": "JgBAAGcAAUQSMxASEBIQEhA0EBIQEhASEBIQEhASEBIQMxESEDQRMxASEBIQNBEREBERNBIQETMQEhAREjMQEhAADQUAAAAAAAAAAA==",
        "22": "JgBAAGcAAUQSMxASEBIQEhA0EBIQEhASEBIQEhASEBIQMxESEDQRMxASEBIQNBEREBERNBIQETMQEhAREjMQEhAADQUAAAAAAAAAAA==",
        "23": "JgBAAGcAAUQSMxASEBIQEhA0EBIQEhASEBIQEhASEBIQMxESEDQRMxASEBIQNBEREBERNBIQETMQEhAREjMQEhAADQUAAAAAAAAAAA==",
        "24": "JgBAAGcAAUQSMxASEBIQEhA0EBIQEhASEBIQEhASEBIQMxESEDQRMxASEBIQNBEREBERNBIQETMQEhAREjMQEhAADQUAAAAAAAAAAA==",
        "25": "JgBAAGcAAUQSMxASEBIQEhA0EBIQEhASEBIQEhASEBIQMxESEDQRMxASEBIQNBEREBERNBIQETMQEhAREjMQEhAADQUAAAAAAAAAAA==",
        "26": "JgBAAGcAAUQSMxASEBIQEhA0EBIQEhASEBIQEhASEBIQMxESEDQRMxASEBIQNBEREBERNBIQETMQEhAREjMQEhAADQUAAAAAAAAAAA==",
        "27": "JgBAAGcAAUQSMxASEBIQEhA0EBIQEhASEBIQEhASEBIQMxESEDQRMxASEBIQNBEREBERNBIQETMQEhAREjMQEhAADQUAAAAAAAAAAA==",
        "28": "JgBAAGcAAUQSMxASEBIQEhA0EBIQEhASEBIQEhASEBIQMxESEDQRMxASEBIQNBEREBERNBIQETMQEhAREjMQEhAADQUAAAAAAAAAAA==",
        "29": "JgBAAGcAAUQSMxASEBIQEhA0EBIQEhASEBIQEhASEBIQMxESEDQRMxASEBIQNBEREBERNBIQETMQEhAREjMQEhAADQUAAAAAAAAAAA==",
        "30": "JgBAAGcAAUQSMxASEBIQEhA0EBIQEhASEBIQEhASEBIQMxESEDQRMxASEBIQNBEREBERNBIQETMQEhAREjMQEhAADQUAAAAAAAAAAA=="
      },
      "low": {
        "16": "JgBAAGcAAUQSMxASEBIQEhA0EBIQEhASEBIQEhASEBIQMxESEDQRMxASEBIQNBEREBERNBIQETMQEhAREjMQEhAADQUAAAAAAAAAAA==",
        "17": "JgBAAGcAAUQSMxASEBIQEhA0EBIQEhASEBIQEhASEBIQMxESEDQRMxASEBIQNBEREBERNBIQETMQEhAREjMQEhAADQUAAAAAAAAAAA==",
        "18": "JgBAAGcAAUQSMxASEBIQEhA0EBIQEhASEBIQEhASEBIQMxESEDQRMxASEBIQNBEREBERNBIQETMQEhAREjMQEhAADQUAAAAAAAAAAA==",
        "19": "JgBAAGcAAUQSMxASEBIQEhA0EBIQEhASEBIQEhASEBIQMxESEDQRMxASEBIQNBEREBERNBIQETMQEhAREjMQEhAADQUAAAAAAAAAAA==",
        "20": "JgBAAGcAAUQSMxASEBIQEhA0EBIQEhASEBIQEhASEBIQMxESEDQRMxASEBIQNBEREBERNBIQETMQEhAREjMQEhAADQUAAAAAAAAAAA==",
        "21": "JgBAAGcAAUQSMxASEBIQEhA0EBIQEhASEBIQEhASEBIQMxESEDQRMxASEBIQNBEREBERNBIQETMQEhAREjMQEhAADQUAAAAAAAAAAA==",
        "22": "JgBAAGcAAUQSMxASEBIQEhA0EBIQEhASEBIQEhASEBIQMxESEDQRMxASEBIQNBEREBERNBIQETMQEhAREjMQEhAADQUAAAAAAAAAAA==",
        "23": "JgBAAGcAAUQSMxASEBIQEhA0EBIQEhASEBIQEhASEBIQMxESEDQRMxASEBIQNBEREBERNBIQETMQEhAREjMQEhAADQUAAAAAAAAAAA==",
        "24": "JgBAAGcAAUQSMxASEBIQEhA0EBIQEhASEBIQEhASEBIQMxESEDQRMxASEBIQNBEREBERNBIQETMQEhAREjMQEhAADQUAAAAAAAAAAA==",
        "25": "JgBAAGcAAUQSMxASEBIQEhA0EBIQEhASEBIQEhASEBIQMxESEDQRMxASEBIQNBEREBERNBIQETMQEhAREjMQEhAADQUAAAAAAAAAAA==",
        "26": "JgBAAGcAAUQSMxASEBIQEhA0EBIQEhASEBIQEhASEBIQMxESEDQRMxASEBIQNBEREBERNBIQETMQEhAREjMQEhAADQUAAAAAAAAAAA==",
        "27": "JgBAAGcAAUQSMxASEBIQEhA0EBIQEhASEBIQEhASEBIQMxESEDQRMxASEBIQNBEREBERNBIQETMQEhAREjMQEhAADQUAAAAAAAAAAA==",
        "28": "JgBAAGcAAUQSMxASEBIQEhA0EBIQEhASEBIQEhASEBIQMxESEDQRMxASEBIQNBEREBERNBIQETMQEhAREjMQEhAADQUAAAAAAAAAAA==",
        "29": "JgBAAGcAAUQSMxASEBIQEhA0EBIQEhASEBIQEhASEBIQMxESEDQRMxASEBIQNBEREBERNBIQETMQEhAREjMQEhAADQUAAAAAAAAAAA==",
        "30": "JgBAAGcAAUQSMxASEBIQEhA0EBIQEhASEBIQEhASEBIQMxESEDQRMxASEBIQNBEREBERNBIQETMQEhAREjMQEhAADQUAAAAAAAAAAA=="
      },
      "mid": {
        "16": "JgBAAGcAAUQSMxASEBIQEhA0EBIQEhASEBIQEhASEBIQMxESEDQRMxASEBIQNBEREBERNBIQETMQEhAREjMQEhAADQUAAAAAAAAAAA==",
        "17": "JgBAAGcAAUQSMxASEBIQEhA0EBIQEhASEBIQEhASEBIQMxESEDQRMxASEBIQNBEREBERNBIQETMQEhAREjMQEhAADQUAAAAAAAAAAA==",
        "18": "JgBAAGcAAUQSMxASEBIQEhA0EBIQEhASEBIQEhASEBIQMxESEDQRMxASEBIQNBEREBERNBIQETMQEhAREjMQEhAADQUAAAAAAAAAAA==",
        "19": "JgBAAGcAAUQSMxASEBIQEhA0EBIQEhASEBIQEhASEBIQMxESEDQRMxASEBIQNBEREBERNBIQETMQEhAREjMQEhAADQUAAAAAAAAAAA==",
        "20": "JgBAAGcAAUQSMxASEBIQEhA0EBIQEhASEBIQEhASEBIQMxESEDQRMxASEBIQNBEREBERNBIQETMQEhAREjMQEhAADQUAAAAAAAAAAA==",
        "21": "JgBAAGcAAUQSMxASEBIQEhA0EBIQEhASEBIQEhASEBIQMxESEDQRMxASEBIQNBEREBERNBIQETMQEhAREjMQEhAADQUAAAAAAAAAAA==",
        "22": "JgBAAGcAAUQSMxASEBIQEhA0EBIQEhASEBIQEhASEBIQMxESEDQRMxASEBIQNBEREBERNBIQETMQEhAREjMQEhAADQUAAAAAAAAAAA==",
        "23": "JgBAAGcAAUQSMxASEBIQEhA0EBIQEhASEBIQEhASEBIQMxESEDQRMxASEBIQNBEREBERNBIQETMQEhAREjMQEhAADQUAAAAAAAAAAA==",
        "24": "JgBAAGcAAUQSMxASEBIQEhA0EBIQEhASEBIQEhASEBIQMxESEDQRMxASEBIQNBEREBERNBIQETMQEhAREjMQEhAADQUAAAAAAAAAAA==",
        "25": "JgBAAGcAAUQSMxASEBIQEhA0EBIQEhASEBIQEhASEBIQMxESEDQRMxASEBIQNBEREBERNBIQETMQEhAREjMQEhAADQUAAAAAAAAAAA==",
        "26": "JgBAAGcAAUQSMxASEBIQEhA0EBIQEhASEBIQEhASEBIQMxESEDQRMxASEBIQNBEREBERNBIQETMQEhAREjMQEhAADQUAAAAAAAAAAA==",
        "27": "JgBAAGcAAUQSMxASEBIQEhA0EBIQEhASEBIQEhASEBIQMxESEDQRMxASEBIQNBEREBERNBIQETMQEhAREjMQEhAADQUAAAAAAAAAAA==",
        "28": "JgBAAGcAAUQSMxASEBIQEhA0EBIQEhASEBIQEhASEBIQMxESEDQRMxASEBIQNBEREBERNBIQETMQEhAREjMQEhAADQUAAAAAAAAAAA==",
        "29": "JgBAAGcAAUQSMxASEBIQEhA0EBIQEhASEBIQEhASEBIQMxESEDQRMxASEBIQNBEREBERNBIQETMQEhAREjMQEhAADQUAAAAAAAAAAA==",
        "30": "JgBAAGcAAUQSMxASEBIQEhA0EBIQEhASEBIQEhASEBIQMxESEDQRMxASEBIQNBEREBERNBIQETMQEhAREjMQEhAADQUAAAAAAAAAAA=="
      },
      "high": {
        "16": "JgBAAGcAAUQSMxASEBIQEhA0EBIQEhASEBIQEhASEBIQMxESEDQRMxASEBIQNBEREBERNBIQETMQEhAREjMQEhAADQUAAAAAAAAAAA==",
        "17": "JgBAAGcAAUQSMxASEBIQEhA0EBIQEhASEBIQEhASEBIQMxESEDQRMxASEBIQNBEREBERNBIQETMQEhAREjMQEhAADQUAAAAAAAAAAA==",
        "18": "JgBAAGcAAUQSMxASEBIQEhA0EBIQEhASEBIQEhASEBIQMxESEDQRMxASEBIQNBEREBERNBIQETMQEhAREjMQEhAADQUAAAAAAAAAAA==",
        "19": "JgBAAGcAAUQSMxASEBIQEhA0EBIQEhASEBIQEhASEBIQMxESEDQRMxASEBIQNBEREBERNBIQETMQEhAREjMQEhAADQUAAAAAAAAAAA==",
        "20": "JgBAAGcAAUQSMxASEBIQEhA0EBIQEhASEBIQEhASEBIQMxESEDQRMxASEBIQNBEREBERNBIQETMQEhAREjMQEhAADQUAAAAAAAAAAA==",
        "21": "JgBAAGcAAUQSMxASEBIQEhA0EBIQEhASEBIQEhASEBIQMxESEDQRMxASEBIQNBEREBERNBIQETMQEhAREjMQEhAADQUAAAAAAAAAAA==",
        "22": "JgBAAGcAAUQSMxASEBIQEhA0EBIQEhASEBIQEhASEBIQMxESEDQRMxASEBIQNBEREBERNBIQETMQEhAREjMQEhAADQUAAAAAAAAAAA==",
        "23": "JgBAAGcAAUQSMxASEBIQEhA0EBIQEhASEBIQEhASEBIQMxESEDQRMxASEBIQNBEREBERNBIQETMQEhAREjMQEhAADQUAAAAAAAAAAA==",
        "24": "JgBAAGcAAUQSMxASEBIQEhA0EBIQEhASEBIQEhASEBIQMxESEDQRMxASEBIQNBEREBERNBIQETMQEhAREjMQEhAADQUAAAAAAAAAAA==",
        "25": "JgBAAGcAAUQSMxASEBIQEhA0EBIQEhASEBIQEhASEBIQMxESEDQRMxASEBIQNBEREBERNBIQETMQEhAREjMQEhAADQUAAAAAAAAAAA==",
        "26": "JgBAAGcAAUQSMxASEBIQEhA0EBIQEhASEBIQEhASEBIQMxESEDQRMxASEBIQNBEREBERNBIQETMQEhAREjMQEhAADQUAAAAAAAAAAA==",
        "27": "JgBAAGcAAUQSMxASEBIQEhA0EBIQEhASEBIQEhASEBIQMxESEDQRMxASEBIQNBEREBERNBIQETMQEhAREjMQEhAADQUAAAAAAAAAAA==",
        "28": "JgBAAGcAAUQSMxASEBIQEhA0EBIQEhASEBIQEhASEBIQMxESEDQRMxASEBIQNBEREBERNBIQETMQEhAREjMQEhAADQUAAAAAAAAAAA==",
        "29": "JgBAAGcAAUQSMxASEBIQEhA0EBIQEhASEBIQEhASEBIQMxESEDQRMxASEBIQNBEREBERNBIQETMQEhAREjMQEhAADQUAAAAAAAAAAA==",
        "30": "JgBAAGcAAUQSMxASEBIQEhA0EBIQEhASEBIQEhASEBIQMxESEDQRMxASEBIQNBEREBERNBIQETMQEhAREjMQEhAADQUAAAAAAAAAAA=="
      },
      "highest": {
        "16": "JgBAAGcAAUQSMxASEBIQEhA0EBIQEhASEBIQEhASEBIQMxESEDQRMxASEBIQNBEREBERNBIQETMQEhAREjMQEhAADQUAAAAAAAAAAA==",
        "17": "JgBAAGcAAUQSMxASEBIQEhA0EBIQEhASEBIQEhASEBIQMxESEDQRMxASEBIQNBEREBERNBIQETMQEhAREjMQEhAADQUAAAAAAAAAAA==",
        "18": "JgBAAGcAAUQSMxASEBIQEhA0EBIQEhASEBIQEhASEBIQMxESEDQRMxASEBIQNBEREBERNBIQETMQEhAREjMQEhAADQUAAAAAAAAAAA==",
        "19": "JgBAAGcAAUQSMxASEBIQEhA0EBIQEhASEBIQEhASEBIQMxESEDQRMxASEBIQNBEREBERNBIQETMQEhAREjMQEhAADQUAAAAAAAAAAA==",
        "20": "JgBAAGcAAUQSMxASEBIQEhA0EBIQEhASEBIQEhASEBIQMxESEDQRMxASEBIQNBEREBERNBIQETMQEhAREjMQEhAADQUAAAAAAAAAAA==",
        "21": "JgBAAGcAAUQSMxASEBIQEhA0EBIQEhASEBIQEhASEBIQMxESEDQRMxASEBIQNBEREBERNBIQETMQEhAREjMQEhAADQUAAAAAAAAAAA==",
        "22": "JgBAAGcAAUQSMxASEBIQEhA0EBIQEhASEBIQEhASEBIQMxESEDQRMxASEBIQNBEREBERNBIQETMQEhAREjMQEhAADQUAAAAAAAAAAA==",
        "23": "JgBAAGcAAUQSMxASEBIQEhA0EBIQEhASEBIQEhASEBIQMxESEDQRMxASEBIQNBEREBERNBIQETMQEhAREjMQEhAADQUAAAAAAAAAAA==",
        "24": "JgBAAGcAAUQSMxASEBIQEhA0EBIQEhASEBIQEhASEBIQMxESEDQRMxASEBIQNBEREBERNBIQETMQEhAREjMQEhAADQUAAAAAAAAAAA==",
        "25": "JgBAAGcAAUQSMxASEBIQEhA0EBIQEhASEBIQEhASEBIQMxESEDQRMxASEBIQNBEREBERNBIQETMQEhAREjMQEhAADQUAAAAAAAAAAA==",
        "26": "JgBAAGcAAUQSMxASEBIQEhA0EBIQEhASEBIQEhASEBIQMxESEDQRMxASEBIQNBEREBERNBIQETMQEhAREjMQEhAADQUAAAAAAAAAAA==",
        "27": "JgBAAGcAAUQSMxASEBIQEhA0EBIQEhASEBIQEhASEBIQMxESEDQRMxASEBIQNBEREBERNBIQETMQEhAREjMQEhAADQUAAAAAAAAAAA==",
        "28": "JgBAAGcAAUQSMxASEBIQEhA0EBIQEhASEBIQEhASEBIQMxESEDQRMxASEBIQNBEREBERNBIQETMQEhAREjMQEhAADQUAAAAAAAAAAA==",
        "29": "JgBAAGcAAUQSMxASEBIQEhA0EBIQEhASEBIQEhASEBIQMxESEDQRMxASEBIQNBEREBERNBIQETMQEhAREjMQEhAADQUAAAAAAAAAAA==",
        "30": "JgBAAGcAAUQSMxASEBIQEhA0EBIQEhASEBIQEhASEBIQMxESEDQRMxASEBIQNBEREBERNBIQETMQEhAREjMQEhAADQUAAAAAAAAAAA=="
      },
      "auto": {
        "16": "JgBAAGcAAUQSMxASEBIQEhA0EBIQEhASEBIQEhASEBIQMxESEDQRMxASEBIQNBEREBERNBIQETMQEhAREjMQEhAADQUAAAAAAAAAAA==",
        "17": "JgBAAGcAAUQSMxASEBIQEhA0EBIQEhASEBIQEhASEBIQMxESEDQRMxASEBIQNBEREBERNBIQETMQEhAREjMQEhAADQUAAAAAAAAAAA==",
        "18": "JgBAAGcAAUQSMxASEBIQEhA0EBIQEhASEBIQEhASEBIQMxESEDQRMxASEBIQNBEREBERNBIQETMQEhAREjMQEhAADQUAAAAAAAAAAA==",
        "19": "JgBAAGcAAUQSMxASEBIQEhA0EBIQEhASEBIQEhASEBIQMxESEDQRMxASEBIQNBEREBERNBIQETMQEhAREjMQEhAADQUAAAAAAAAAAA==",
        "20": "JgBAAGcAAUQSMxASEBIQEhA0EBIQEhASEBIQEhASEBIQMxESEDQRMxASEBIQNBEREBERNBIQETMQEhAREjMQEhAADQUAAAAAAAAAAA==",
        "21": "JgBAAGcAAUQSMxASEBIQEhA0EBIQEhASEBIQEhASEBIQMxESEDQRMxASEBIQNBEREBERNBIQETMQEhAREjMQEhAADQUAAAAAAAAAAA==",
        "22": "JgBAAGcAAUQSMxASEBIQEhA0EBIQEhASEBIQEhASEBIQMxESEDQRMxASEBIQNBEREBERNBIQETMQEhAREjMQEhAADQUAAAAAAAAAAA==",
        "23": "JgBAAGcAAUQSMxASEBIQEhA0EBIQEhASEBIQEhASEBIQMxESEDQRMxASEBIQNBEREBERNBIQETMQEhAREjMQEhAADQUAAAAAAAAAAA==",
        "24": "JgBAAGcAAUQSMxASEBIQEhA0EBIQEhASEBIQEhASEBIQMxESEDQRMxASEBIQNBEREBERNBIQETMQEhAREjMQEhAADQUAAAAAAAAAAA==",
        "25": "JgBAAGcAAUQSMxASEBIQEhA0EBIQEhASEBIQEhASEBIQMxESEDQRMxASEBIQNBEREBERNBIQETMQEhAREjMQEhAADQUAAAAAAAAAAA==",
        "26": "JgBAAGcAAUQSMxASEBIQEhA0EBIQEhASEBIQEhASEBIQMxESEDQRMxASEBIQNBEREBERNBIQETMQEhAREjMQEhAADQUAAAAAAAAAAA==",
        "27": "JgBAAGcAAUQSMxASEBIQEhA0EBIQEhASEBIQEhASEBIQMxESEDQRMxASEBIQNBEREBERNBIQETMQEhAREjMQEhAADQUAAAAAAAAAAA==",
        "28": "JgBAAGcAAUQSMxASEBIQEhA0EBIQEhASEBIQEhASEBIQMxESEDQRMxASEBIQNBEREBERNBIQETMQEhAREjMQEhAADQUAAAAAAAAAAA==",
        "29": "JgBAAGcAAUQSMxASEBIQEhA0EBIQEhASEBIQEhASEBIQMxESEDQRMxASEBIQNBEREBERNBIQETMQEhAREjMQEhAADQUAAAAAAAAAAA==",
        "30": "JgBAAGcAAUQSMxASEBIQEhA0EBIQEhASEBIQEhASEBIQMxESEDQRMxASEBIQNBEREBERNBIQETMQEhAREjMQEhAADQUAAAAAAAAAAA=="
      }
    },
    "dry": {
      "lowest": {
        "16": "JgBAAGgAAUMTMhASERERERE0EBERERERERERERERERIQMxESERERMxEzEBIQEhA0EBIRERERERIQEREREDQQEhEADQUAAAAAAAAAAA==",
        "17": "JgBAAGgAAUMTMhASERERERE0EBERERERERERERERERIQMxESERERMxEzEBIQEhA0EBIRERERERIQEREREDQQEhEADQUAAAAAAAAAAA==",
        "18": "JgBAAGgAAUMTMhASERERERE0EBERERERERERERERERIQMxESERERMxEzEBIQEhA0EBIRERERERIQEREREDQQEhEADQUAAAAAAAAAAA==",
        "19": "JgBAAGgAAUMTMhASERERERE0EBERERERERERERERERIQMxESERERMxEzEBIQEhA0EBIRERERERIQEREREDQQEhEADQUAAAAAAAAAAA==",
        "20": "JgBAAGgAAUMTMhASERERERE0EBERERERERERERERERIQMxESERERMxEzEBIQEhA0EBIRERERERIQEREREDQQEhEADQUAAAAAAAAAAA==",
        "21": "JgBAAGgAAUMTMhASERERERE0EBERERERERERERERERIQMxESERERMxEzEBIQEhA0EBIRERERERIQEREREDQQEhEADQUAAAAAAAAAAA==",
        "22": "JgBAAGgAAUMTMhASERERERE0EBERERERERERERERERIQMxESERERMxEzEBIQEhA0EBIRERERERIQEREREDQQEhEADQUAAAAAAAAAAA==",
        "23": "JgBAAGgAAUMTMhASERERERE0EBERERERERERERERERIQMxESERERMxEzEBIQEhA0EBIRERERERIQEREREDQQEhEADQUAAAAAAAAAAA==",
        "24": "JgBAAGgAAUMTMhASERERERE0EBERERERERERERERERIQMxESERERMxEzEBIQEhA0EBIRERERERIQEREREDQQEhEADQUAAAAAAAAAAA==",
        "25": "JgBAAGgAAUMTMhASERERERE0EBERERERERERERERERIQMxESERERMxEzEBIQEhA0EBIRERERERIQEREREDQQEhEADQUAAAAAAAAAAA==",
        "26": "JgBAAGgAAUMTMhASERERERE0EBERERERERERERERERIQMxESERERMxEzEBIQEhA0EBIRERERERIQEREREDQQEhEADQUAAAAAAAAAAA==",
        "27": "JgBAAGgAAUMTMhASERERERE0EBERERERERERERERERIQMxESERERMxEzEBIQEhA0EBIRERERERIQEREREDQQEhEADQUAAAAAAAAAAA==",
        "28": "JgBAAGgAAUMTMhASERERERE0EBERERERERERERERERIQMxESERERMxEzEBIQEhA0EBIRERERERIQEREREDQQEhEADQUAAAAAAAAAAA==",
        "29": "JgBAAGgAAUMTMhASERERERE0EBERERERERERERERERIQMxESERERMxEzEBIQEhA0EBIRERERERIQEREREDQQEhEADQUAAAAAAAAAAA==",
        "30": "JgBAAGgAAUMTMhASERERERE0EBERERERERERERERERIQMxESERERMxEzEBIQEhA0EBIRERERERIQEREREDQQEhEADQUAAAAAAAAAAA=="
      },
      "low": {
        "16": "JgBAAGgAAUMTMhASERERERE0EBERERERERERERERERIQMxESERERMxEzEBIQEhA0EBIRERERERIQEREREDQQEhEADQUAAAAAAAAAAA==",
        "17": "JgBAAGgAAUMTMhASERERERE0EBERERERERERERERERIQMxESERERMxEzEBIQEhA0EBIRERERERIQEREREDQQEhEADQUAAAAAAAAAAA==",
        "18": "JgBAAGgAAUMTMhASERERERE0EBERERERERERERERERIQMxESERERMxEzEBIQEhA0EBIRERERERIQEREREDQQEhEADQUAAAAAAAAAAA==",
        "19": "JgBAAGgAAUMTMhASERERERE0EBERERERERERERERERIQMxESERERMxEzEBIQEhA0EBIRERERERIQEREREDQQEhEADQUAAAAAAAAAAA==",
        "20": "JgBAAGgAAUMTMhASERERERE0EBERERERERERERERERIQMxESERERMxEzEBIQEhA0EBIRERERERIQEREREDQQEhEADQUAAAAAAAAAAA==",
        "21": "JgBAAGgAAUMTMhASERERERE0EBERERERERERERERERIQMxESERERMxEzEBIQEhA0EBIRERERERIQEREREDQQEhEADQUAAAAAAAAAAA==",
        "22": "JgBAAGgAAUMTMhASERERERE0EBERERERERERERERERIQMxESERERMxEzEBIQEhA0EBIRERERERIQEREREDQQEhEADQUAAAAAAAAAAA==",
        "23": "JgBAAGgAAUMTMhASERERERE0EBERERERERERERERERIQMxESERERMxEzEBIQEhA0EBIRERERERIQEREREDQQEhEADQUAAAAAAAAAAA==",
        "24": "JgBAAGgAAUMTMhASERERERE0EBERERERERERERERERIQMxESERERMxEzEBIQEhA0EBIRERERERIQEREREDQQEhEADQUAAAAAAAAAAA==",
        "25": "JgBAAGgAAUMTMhASERERERE0EBERERERERERERERERIQMxESERERMxEzEBIQEhA0EBIRERERERIQEREREDQQEhEADQUAAAAAAAAAAA==",
        "26": "JgBAAGgAAUMTMhASERERERE0EBERERERERERERERERIQMxESERERMxEzEBIQEhA0EBIRERERERIQEREREDQQEhEADQUAAAAAAAAAAA==",
        "27": "JgBAAGgAAUMTMhASERERERE0EBERERERERERERERERIQMxESERERMxEzEBIQEhA0EBIRERERERIQEREREDQQEhEADQUAAAAAAAAAAA==",
        "28": "JgBAAGgAAUMTMhASERERERE0EBERERERERERERERERIQMxESERERMxEzEBIQEhA0EBIRERERERIQEREREDQQEhEADQUAAAAAAAAAAA==",
        "29": "JgBAAGgAAUMTMhASERERERE0EBERERERERERERERERIQMxESERERMxEzEBIQEhA0EBIRERERERIQEREREDQQEhEADQUAAAAAAAAAAA==",
        "30": "JgBAAGgAAUMTMhASERERERE0EBERERERERERERERERIQMxESERERMxEzEBIQEhA0EBIRERERERIQEREREDQQEhEADQUAAAAAAAAAAA=="
      },
      "mid": {
        "16": "JgBAAGgAAUMTMhASERERERE0EBERERERERERERERERIQMxESERERMxEzEBIQEhA0EBIRERERERIQEREREDQQEhEADQUAAAAAAAAAAA==",
        "17": "JgBAAGgAAUMTMhASERERERE0EBERERERERERERERERIQMxESERERMxEzEBIQEhA0EBIRERERERIQEREREDQQEhEADQUAAAAAAAAAAA==",
        "18": "JgBAAGgAAUMTMhASERERERE0EBERERERERERERERERIQMxESERERMxEzEBIQEhA0EBIRERERERIQEREREDQQEhEADQUAAAAAAAAAAA==",
        "19": "JgBAAGgAAUMTMhASERERERE0EBERERERERERERERERIQMxESERERMxEzEBIQEhA0EBIRERERERIQEREREDQQEhEADQUAAAAAAAAAAA==",
        "20": "JgBAAGgAAUMTMhASERERERE0EBERERERERERERERERIQMxESERERMxEzEBIQEhA0EBIRERERERIQEREREDQQEhEADQUAAAAAAAAAAA==",
        "21": "JgBAAGgAAUMTMhASERERERE0EBERERERERERERERERIQMxESERERMxEzEBIQEhA0EBIRERERERIQEREREDQQEhEADQUAAAAAAAAAAA==",
        "22": "JgBAAGgAAUMTMhASERERERE0EBERERERERERERERERIQMxESERERMxEzEBIQEhA0EBIRERERERIQEREREDQQEhEADQUAAAAAAAAAAA==",
        "23": "JgBAAGgAAUMTMhASERERERE0EBERERERERERERERERIQMxESERERMxEzEBIQEhA0EBIRERERERIQEREREDQQEhEADQUAAAAAAAAAAA==",
        "24": "JgBAAGgAAUMTMhASERERERE0EBERERERERERERERERIQMxESERERMxEzEBIQEhA0EBIRERERERIQEREREDQQEhEADQUAAAAAAAAAAA==",
        "25": "JgBAAGgAAUMTMhASERERERE0EBERERERERERERERERIQMxESERERMxEzEBIQEhA0EBIRERERERIQEREREDQQEhEADQUAAAAAAAAAAA==",
        "26": "JgBAAGgAAUMTMhASERERERE0EBERERERERERERERERIQMxESERERMxEzEBIQEhA0EBIRERERERIQEREREDQQEhEADQUAAAAAAAAAAA==",
        "27": "JgBAAGgAAUMTMhASERERERE0EBERERERERERERERERIQMxESERERMxEzEBIQEhA0EBIRERERERIQEREREDQQEhEADQUAAAAAAAAAAA==",
        "28": "JgBAAGgAAUMTMhASERERERE0EBERERERERERERERERIQMxESERERMxEzEBIQEhA0EBIRERERERIQEREREDQQEhEADQUAAAAAAAAAAA==",
        "29": "JgBAAGgAAUMTMhASERERERE0EBERERERERERERERERIQMxESERERMxEzEBIQEhA0EBIRERERERIQEREREDQQEhEADQUAAAAAAAAAAA==",
        "30": "JgBAAGgAAUMTMhASERERERE0EBERERERERERERERERIQMxESERERMxEzEBIQEhA0EBIRERERERIQEREREDQQEhEADQUAAAAAAAAAAA=="
      },
      "high": {
        "16": "JgBAAGgAAUMTMhASERERERE0EBERERERERERERERERIQMxESERERMxEzEBIQEhA0EBIRERERERIQEREREDQQEhEADQUAAAAAAAAAAA==",
        "17": "JgBAAGgAAUMTMhASERERERE0EBERERERERERERERERIQMxESERERMxEzEBIQEhA0EBIRERERERIQEREREDQQEhEADQUAAAAAAAAAAA==",
        "18": "JgBAAGgAAUMTMhASERERERE0EBERERERERERERERERIQMxESERERMxEzEBIQEhA0EBIRERERERIQEREREDQQEhEADQUAAAAAAAAAAA==",
        "19": "JgBAAGgAAUMTMhASERERERE0EBERERERERERERERERIQMxESERERMxEzEBIQEhA0EBIRERERERIQEREREDQQEhEADQUAAAAAAAAAAA==",
        "20": "JgBAAGgAAUMTMhASERERERE0EBERERERERERERERERIQMxESERERMxEzEBIQEhA0EBIRERERERIQEREREDQQEhEADQUAAAAAAAAAAA==",
        "21": "JgBAAGgAAUMTMhASERERERE0EBERERERERERERERERIQMxESERERMxEzEBIQEhA0EBIRERERERIQEREREDQQEhEADQUAAAAAAAAAAA==",
        "22": "JgBAAGgAAUMTMhASERERERE0EBERERERERERERERERIQMxESERERMxEzEBIQEhA0EBIRERERERIQEREREDQQEhEADQUAAAAAAAAAAA==",
        "23": "JgBAAGgAAUMTMhASERERERE0EBERERERERERERERERIQMxESERERMxEzEBIQEhA0EBIRERERERIQEREREDQQEhEADQUAAAAAAAAAAA==",
        "24": "JgBAAGgAAUMTMhASERERERE0EBERERERERERERERERIQMxESERERMxEzEBIQEhA0EBIRERERERIQEREREDQQEhEADQUAAAAAAAAAAA==",
        "25": "JgBAAGgAAUMTMhASERERERE0EBERERERERERERERERIQMxESERERMxEzEBIQEhA0EBIRERERERIQEREREDQQEhEADQUAAAAAAAAAAA==",
        "26": "JgBAAGgAAUMTMhASERERERE0EBERERERERERERERERIQMxESERERMxEzEBIQEhA0EBIRERERERIQEREREDQQEhEADQUAAAAAAAAAAA==",
        "27": "JgBAAGgAAUMTMhASERERERE0EBERERERERERERERERIQMxESERERMxEzEBIQEhA0EBIRERERERIQEREREDQQEhEADQUAAAAAAAAAAA==",
        "28": "JgBAAGgAAUMTMhASERERERE0EBERERERERERERERERIQMxESERERMxEzEBIQEhA0EBIRERERERIQEREREDQQEhEADQUAAAAAAAAAAA==",
        "29": "JgBAAGgAAUMTMhASERERERE0EBERERERERERERERERIQMxESERERMxEzEBIQEhA0EBIRERERERIQEREREDQQEhEADQUAAAAAAAAAAA==",
        "30": "JgBAAGgAAUMTMhASERERERE0EBERERERERERERERERIQMxESERERMxEzEBIQEhA0EBIRERERERIQEREREDQQEhEADQUAAAAAAAAAAA=="
      },
      "highest": {
        "16": "JgBAAGgAAUMTMhASERERERE0EBERERERERERERERERIQMxESERERMxEzEBIQEhA0EBIRERERERIQEREREDQQEhEADQUAAAAAAAAAAA==",
        "17": "JgBAAGgAAUMTMhASERERERE0EBERERERERERERERERIQMxESERERMxEzEBIQEhA0EBIRERERERIQEREREDQQEhEADQUAAAAAAAAAAA==",
        "18": "JgBAAGgAAUMTMhASERERERE0EBERERERERERERERERIQMxESERERMxEzEBIQEhA0EBIRERERERIQEREREDQQEhEADQUAAAAAAAAAAA==",
        "19": "JgBAAGgAAUMTMhASERERERE0EBERERERERERERERERIQMxESERERMxEzEBIQEhA0EBIRERERERIQEREREDQQEhEADQUAAAAAAAAAAA==",
        "20": "JgBAAGgAAUMTMhASERERERE0EBERERERERERERERERIQMxESERERMxEzEBIQEhA0EBIRERERERIQEREREDQQEhEADQUAAAAAAAAAAA==",
        "21": "JgBAAGgAAUMTMhASERERERE0EBERERERERERERERERIQMxESERERMxEzEBIQEhA0EBIRERERERIQEREREDQQEhEADQUAAAAAAAAAAA==",
        "22": "JgBAAGgAAUMTMhASERERERE0EBERERERERERERERERIQMxESERERMxEzEBIQEhA0EBIRERERERIQEREREDQQEhEADQUAAAAAAAAAAA==",
        "23": "JgBAAGgAAUMTMhASERERERE0EBERERERERERERERERIQMxESERERMxEzEBIQEhA0EBIRERERERIQEREREDQQEhEADQUAAAAAAAAAAA==",
        "24": "JgBAAGgAAUMTMhASERERERE0EBERERERERERERERERIQMxESERERMxEzEBIQEhA0EBIRERERERIQEREREDQQEhEADQUAAAAAAAAAAA==",
        "25": "JgBAAGgAAUMTMhASERERERE0EBERERERERERERERERIQMxESERERMxEzEBIQEhA0EBIRERERERIQEREREDQQEhEADQUAAAAAAAAAAA==",
        "26": "JgBAAGgAAUMTMhASERERERE0EBERERERERERERERERIQMxESERERMxEzEBIQEhA0EBIRERERERIQEREREDQQEhEADQUAAAAAAAAAAA==",
        "27": "JgBAAGgAAUMTMhASERERERE0EBERERERERERERERERIQMxESERERMxEzEBIQEhA0EBIRERERERIQEREREDQQEhEADQUAAAAAAAAAAA==",
        "28": "JgBAAGgAAUMTMhASERERERE0EBERERERERERERERERIQMxESERERMxEzEBIQEhA0EBIRERERERIQEREREDQQEhEADQUAAAAAAAAAAA==",
        "29": "JgBAAGgAAUMTMhASERERERE0EBERERERERERERERERIQMxESERERMxEzEBIQEhA0EBIRERERERIQEREREDQQEhEADQUAAAAAAAAAAA==",
        "30": "JgBAAGgAAUMTMhASERERERE0EBERERERERERERERERIQMxESERERMxEzEBIQEhA0EBIRERERERIQEREREDQQEhEADQUAAAAAAAAAAA=="
      },
      "auto": {
        "16": "JgBAAGgAAUMTMhASERERERE0EBERERERERERERERERIQMxESERERMxEzEBIQEhA0EBIRERERERIQEREREDQQEhEADQUAAAAAAAAAAA==",
        "17": "JgBAAGgAAUMTMhASERERERE0EBERERERERERERERERIQMxESERERMxEzEBIQEhA0EBIRERERERIQEREREDQQEhEADQUAAAAAAAAAAA==",
        "18": "JgBAAGgAAUMTMhASERERERE0EBERERERERERERERERIQMxESERERMxEzEBIQEhA0EBIRERERERIQEREREDQQEhEADQUAAAAAAAAAAA==",
        "19": "JgBAAGgAAUMTMhASERERERE0EBERERERERERERERERIQMxESERERMxEzEBIQEhA0EBIRERERERIQEREREDQQEhEADQUAAAAAAAAAAA==",
        "20": "JgBAAGgAAUMTMhASERERERE0EBERERERERERERERERIQMxESERERMxEzEBIQEhA0EBIRERERERIQEREREDQQEhEADQUAAAAAAAAAAA==",
        "21": "JgBAAGgAAUMTMhASERERERE0EBERERERERERERERERIQMxESERERMxEzEBIQEhA0EBIRERERERIQEREREDQQEhEADQUAAAAAAAAAAA==",
        "22": "JgBAAGgAAUMTMhASERERERE0EBERERERERERERERERIQMxESERERMxEzEBIQEhA0EBIRERERERIQEREREDQQEhEADQUAAAAAAAAAAA==",
        "23": "JgBAAGgAAUMTMhASERERERE0EBERERERERERERERERIQMxESERERMxEzEBIQEhA0EBIRERERERIQEREREDQQEhEADQUAAAAAAAAAAA==",
        "24": "JgBAAGgAAUMTMhASERERERE0EBERERERERERERERERIQMxESERERMxEzEBIQEhA0EBIRERERERIQEREREDQQEhEADQUAAAAAAAAAAA==",
        "25": "JgBAAGgAAUMTMhASERERERE0EBERERERERERERERERIQMxESERERMxEzEBIQEhA0EBIRERERERIQEREREDQQEhEADQUAAAAAAAAAAA==",
        "26": "JgBAAGgAAUMTMhASERERERE0EBERERERERERERERERIQMxESERERMxEzEBIQEhA0EBIRERERERIQEREREDQQEhEADQUAAAAAAAAAAA==",
        "27": "JgBAAGgAAUMTMhASERERERE0EBERERERERERERERERIQMxESERERMxEzEBIQEhA0EBIRERERERIQEREREDQQEhEADQUAAAAAAAAAAA==",
        "28": "JgBAAGgAAUMTMhASERERERE0EBERERERERERERERERIQMxESERERMxEzEBIQEhA0EBIRERERERIQEREREDQQEhEADQUAAAAAAAAAAA==",
        "29": "JgBAAGgAAUMTMhASERERERE0EBERERERERERERERERIQMxESERERMxEzEBIQEhA0EBIRERERERIQEREREDQQEhEADQUAAAAAAAAAAA==",
        "30": "JgBAAGgAAUMTMhASERERERE0EBERERERERERERERERIQMxESERERMxEzEBIQEhA0EBIRERERERIQEREREDQQEhEADQUAAAAAAAAAAA=="
      }
    },
    "fan": {
      "lowest": {
        "16": "JgBAAGcAAUMTMhASEBIQEhA0EBIQEhASEBIQEhASEBIQMxESEDQREREREREQNBA0EBESEBIRERERMxE0EBERMxEADQUAAAAAAAAAAA==",
        "17": "JgBAAGcAAUMTMhASEBIQEhA0EBIQEhASEBIQEhASEBIQMxESEDQREREREREQNBA0EBESEBIRERERMxE0EBERMxEADQUAAAAAAAAAAA==",
        "18": "JgBAAGcAAUMTMhASEBIQEhA0EBIQEhASEBIQEhASEBIQMxESEDQREREREREQNBA0EBESEBIRERERMxE0EBERMxEADQUAAAAAAAAAAA==",
        "19": "JgBAAGcAAUMTMhASEBIQEhA0EBIQEhASEBIQEhASEBIQMxESEDQREREREREQNBA0EBESEBIRERERMxE0EBERMxEADQUAAAAAAAAAAA==",
        "20": "JgBAAGcAAUMTMhASEBIQEhA0EBIQEhASEBIQEhASEBIQMxESEDQREREREREQNBA0EBESEBIRERERMxE0EBERMxEADQUAAAAAAAAAAA==",
        "21": "JgBAAGcAAUMTMhASEBIQEhA0EBIQEhASEBIQEhASEBIQMxESEDQREREREREQNBA0EBESEBIRERERMxE0EBERMxEADQUAAAAAAAAAAA==",
        "22": "JgBAAGcAAUMTMhASEBIQEhA0EBIQEhASEBIQEhASEBIQMxESEDQREREREREQNBA0EBESEBIRERERMxE0EBERMxEADQUAAAAAAAAAAA==",
        "23": "JgBAAGcAAUMTMhASEBIQEhA0EBIQEhASEBIQEhASEBIQMxESEDQREREREREQNBA0EBESEBIRERERMxE0EBERMxEADQUAAAAAAAAAAA==",
        "24": "JgBAAGcAAUMTMhASEBIQEhA0EBIQEhASEBIQEhASEBIQMxESEDQREREREREQNBA0EBESEBIRERERMxE0EBERMxEADQUAAAAAAAAAAA==",
        "25": "JgBAAGcAAUMTMhASEBIQEhA0EBIQEhASEBIQEhASEBIQMxESEDQREREREREQNBA0EBESEBIRERERMxE0EBERMxEADQUAAAAAAAAAAA==",
        "26": "JgBAAGcAAUMTMhASEBIQEhA0EBIQEhASEBIQEhASEBIQMxESEDQREREREREQNBA0EBESEBIRERERMxE0EBERMxEADQUAAAAAAAAAAA==",
        "27": "JgBAAGcAAUMTMhASEBIQEhA0EBIQEhASEBIQEhASEBIQMxESEDQREREREREQNBA0EBESEBIRERERMxE0EBERMxEADQUAAAAAAAAAAA==",
        "28": "JgBAAGcAAUMTMhASEBIQEhA0EBIQEhASEBIQEhASEBIQMxESEDQREREREREQNBA0EBESEBIRERERMxE0EBERMxEADQUAAAAAAAAAAA==",
        "29": "JgBAAGcAAUMTMhASEBIQEhA0EBIQEhASEBIQEhASEBIQMxESEDQREREREREQNBA0EBESEBIRERERMxE0EBERMxEADQUAAAAAAAAAAA==",
        "30": "JgBAAGcAAUMTMhASEBIQEhA0EBIQEhASEBIQEhASEBIQMxESEDQREREREREQNBA0EBESEBIRERERMxE0EBERMxEADQUAAAAAAAAAAA=="
      },
      "low": {
        "16": "JgBAAGgAAUQSMxASEBIQEhA0EBIQERERERIQEhASEBIQMxESEDQQEhASEBIQNBEzEDMREhERETMQEhAzETQQEhAADQUAAAAAAAAAAA==",
        "17": "JgBAAGgAAUQSMxASEBIQEhA0EBIQERERERIQEhASEBIQMxESEDQQEhASEBIQNBEzEDMREhERETMQEhAzETQQEhAADQUAAAAAAAAAAA==",
        "18": "JgBAAGgAAUQSMxASEBIQEhA0EBIQERERERIQEhASEBIQMxESEDQQEhASEBIQNBEzEDMREhERETMQEhAzETQQEhAADQUAAAAAAAAAAA==",
        "19": "JgBAAGgAAUQSMxASEBIQEhA0EBIQERERERIQEhASEBIQMxESEDQQEhASEBIQNBEzEDMREhERETMQEhAzETQQEhAADQUAAAAAAAAAAA==",
        "20": "JgBAAGgAAUQSMxASEBIQEhA0EBIQERERERIQEhASEBIQMxESEDQQEhASEBIQNBEzEDMREhERETMQEhAzETQQEhAADQUAAAAAAAAAAA==",
        "21": "JgBAAGgAAUQSMxASEBIQEhA0EBIQERERERIQEhASEBIQMxESEDQQEhASEBIQNBEzEDMREhERETMQEhAzETQQEhAADQUAAAAAAAAAAA==",
        "22": "JgBAAGgAAUQSMxASEBIQEhA0EBIQERERERIQEhASEBIQMxESEDQQEhASEBIQNBEzEDMREhERETMQEhAzETQQEhAADQUAAAAAAAAAAA==",
        "23": "JgBAAGgAAUQSMxASEBIQEhA0EBIQERERERIQEhASEBIQMxESEDQQEhASEBIQNBEzEDMREhERETMQEhAzETQQEhAADQUAAAAAAAAAAA==",
        "24": "JgBAAGgAAUQSMxASEBIQEhA0EBIQERERERIQEhASEBIQMxESEDQQEhASEBIQNBEzEDMREhERETMQEhAzETQQEhAADQUAAAAAAAAAAA==",
        "25": "JgBAAGgAAUQSMxASEBIQEhA0EBIQERERERIQEhASEBIQMxESEDQQEhASEBIQNBEzEDMREhERETMQEhAzETQQEhAADQUAAAAAAAAAAA==",
        "26": "JgBAAGgAAUQSMxASEBIQEhA0EBIQERERERIQEhASEBIQMxESEDQQEhASEBIQNBEzEDMREhERETMQEhAzETQQEhAADQUAAAAAAAAAAA==",
        "27": "JgBAAGgAAUQSMxASEBIQEhA0EBIQERERERIQEhASEBIQMxESEDQQEhASEBIQNBEzEDMREhERETMQEhAzETQQEhAADQUAAAAAAAAAAA==",
        "28": "JgBAAGgAAUQSMxASEBIQEhA0EBIQERERERIQEhASEBIQMxESEDQQEhASEBIQNBEzEDMREhERETMQEhAzETQQEhAADQUAAAAAAAAAAA==",
        "29": "JgBAAGgAAUQSMxASEBIQEhA0EBIQERERERIQEhASEBIQMxESEDQQEhASEBIQNBEzEDMREhERETMQEhAzETQQEhAADQUAAAAAAAAAAA==",
        "30": "JgBAAGgAAUQSMxASEBIQEhA0EBIQERERERIQEhASEBIQMxESEDQQEhASEBIQNBEzEDMREhERETMQEhAzETQQEhAADQUAAAAAAAAAAA=="
      },
      "mid": {
        "16": "JgBAAGgAAUMQNBERERIQEhAzERIQEhASEBIQEhASEBIQNBERETMRERASERERMxA0ERIQEhA0EBIQNBEzETMQNBAADQUAAAAAAAAAAA==",
        "17": "JgBAAGgAAUMQNBERERIQEhAzERIQEhASEBIQEhASEBIQNBERETMRERASERERMxA0ERIQEhA0EBIQNBEzETMQNBAADQUAAAAAAAAAAA==",
        "18": "JgBAAGgAAUMQNBERERIQEhAzERIQEhASEBIQEhASEBIQNBERETMRERASERERMxA0ERIQEhA0EBIQNBEzETMQNBAADQUAAAAAAAAAAA==",
        "19": "JgBAAGgAAUMQNBERERIQEhAzERIQEhASEBIQEhASEBIQNBERETMRERASERERMxA0ERIQEhA0EBIQNBEzETMQNBAADQUAAAAAAAAAAA==",
        "20": "JgBAAGgAAUMQNBERERIQEhAzERIQEhASEBIQEhASEBIQNBERETMRERASERERMxA0ERIQEhA0EBIQNBEzETMQNBAADQUAAAAAAAAAAA==",
        "21": "JgBAAGgAAUMQNBERERIQEhAzERIQEhASEBIQEhASEBIQNBERETMRERASERERMxA0ERIQEhA0EBIQNBEzETMQNBAADQUAAAAAAAAAAA==",
        "22": "JgBAAGgAAUMQNBERERIQEhAzERIQEhASEBIQEhASEBIQNBERETMRERASERERMxA0ERIQEhA0EBIQNBEzETMQNBAADQUAAAAAAAAAAA==",
        "23": "JgBAAGgAAUMQNBERERIQEhAzERIQEhASEBIQEhASEBIQNBERETMRERASERERMxA0ERIQEhA0EBIQNBEzETMQNBAADQUAAAAAAAAAAA==",
        "24": "JgBAAGgAAUMQNBERERIQEhAzERIQEhASEBIQEhASEBIQNBERETMRERASERERMxA0ERIQEhA0EBIQNBEzETMQNBAADQUAAAAAAAAAAA==",
        "25": "JgBAAGgAAUMQNBERERIQEhAzERIQEhASEBIQEhASEBIQNBERETMRERASERERMxA0ERIQEhA0EBIQNBEzETMQNBAADQUAAAAAAAAAAA==",
        "26": "JgBAAGgAAUMQNBERERIQEhAzERIQEhASEBIQEhASEBIQNBERETMRERASERERMxA0ERIQEhA0EBIQNBEzETMQNBAADQUAAAAAAAAAAA==",
        "27": "JgBAAGgAAUMQNBERERIQEhAzERIQEhASEBIQEhASEBIQNBERETMRERASERERMxA0ERIQEhA0EBIQNBEzETMQNBAADQUAAAAAAAAAAA==",
        "28": "JgBAAGgAAUMQNBERERIQEhAzERIQEhASEBIQEhASEBIQNBERETMRERASERERMxA0ERIQEhA0EBIQNBEzETMQNBAADQUAAAAAAAAAAA==",
        "29": "JgBAAGgAAUMQNBERERIQEhAzERIQEhASEBIQEhASEBIQNBERETMRERASERERMxA0ERIQEhA0EBIQNBEzETMQNBAADQUAAAAAAAAAAA==",
        "30": "JgBAAGgAAUMQNBERERIQEhAzERIQEhASEBIQEhASEBIQNBERETMRERASERERMxA0ERIQEhA0EBIQNBEzETMQNBAADQUAAAAAAAAAAA=="
      },
      "high": {
        "16": "JgBAAGgAAUMQMxESEBIQEREzERERERERERERERESEBIQNBASEDMRERESEBERNBAzETQRERA0EBIREREzETQQNBAADQUAAAAAAAAAAA==",
        "17": "JgBAAGgAAUMQMxESEBIQEREzERERERERERERERESEBIQNBASEDMRERESEBERNBAzETQRERA0EBIREREzETQQNBAADQUAAAAAAAAAAA==",
        "18": "JgBAAGgAAUMQMxESEBIQEREzERERERERERERERESEBIQNBASEDMRERESEBERNBAzETQRERA0EBIREREzETQQNBAADQUAAAAAAAAAAA==",
        "19": "JgBAAGgAAUMQMxESEBIQEREzERERERERERERERESEBIQNBASEDMRERESEBERNBAzETQRERA0EBIREREzETQQNBAADQUAAAAAAAAAAA==",
        "20": "JgBAAGgAAUMQMxESEBIQEREzERERERERERERERESEBIQNBASEDMRERESEBERNBAzETQRERA0EBIREREzETQQNBAADQUAAAAAAAAAAA==",
        "21": "JgBAAGgAAUMQMxESEBIQEREzERERERERERERERESEBIQNBASEDMRERESEBERNBAzETQRERA0EBIREREzETQQNBAADQUAAAAAAAAAAA==",
        "22": "JgBAAGgAAUMQMxESEBIQEREzERERERERERERERESEBIQNBASEDMRERESEBERNBAzETQRERA0EBIREREzETQQNBAADQUAAAAAAAAAAA==",
        "23": "JgBAAGgAAUMQMxESEBIQEREzERERERERERERERESEBIQNBASEDMRERESEBERNBAzETQRERA0EBIREREzETQQNBAADQUAAAAAAAAAAA==",
        "24": "JgBAAGgAAUMQMxESEBIQEREzERERERERERERERESEBIQNBASEDMRERESEBERNBAzETQRERA0EBIREREzETQQNBAADQUAAAAAAAAAAA==",
        "25": "JgBAAGgAAUMQMxESEBIQEREzERERERERERERERESEBIQNBASEDMRERESEBERNBAzETQRERA0EBIREREzETQQNBAADQUAAAAAAAAAAA==",
        "26": "JgBAAGgAAUMQMxESEBIQEREzERERERERERERERESEBIQNBASEDMRERESEBERNBAzETQRERA0EBIREREzETQQNBAADQUAAAAAAAAAAA==",
        "27": "JgBAAGgAAUMQMxESEBIQEREzERERERERERERERESEBIQNBASEDMRERESEBERNBAzETQRERA0EBIREREzETQQNBAADQUAAAAAAAAAAA==",
        "28": "JgBAAGgAAUMQMxESEBIQEREzERERERERERERERESEBIQNBASEDMRERESEBERNBAzETQRERA0EBIREREzETQQNBAADQUAAAAAAAAAAA==",
        "29": "JgBAAGgAAUMQMxESEBIQEREzERERERERERERERESEBIQNBASEDMRERESEBERNBAzETQRERA0EBIREREzETQQNBAADQUAAAAAAAAAAA==",
        "30": "JgBAAGgAAUMQMxESEBIQEREzERERERERERERERESEBIQNBASEDMRERESEBERNBAzETQRERA0EBIREREzETQQNBAADQUAAAAAAAAAAA=="
      },
      "highest": {
        "16": "JgBAAGgAAUIQNBEREREREhA0EBIQEhASEBEREhASEBERMxESEDQQEhARERIQNBA0EREQMxIREBIRERERERIQMxEADQUAAAAAAAAAAA==",
        "17": "JgBAAGgAAUIQNBEREREREhA0EBIQEhASEBEREhASEBERMxESEDQQEhARERIQNBA0EREQMxIREBIRERERERIQMxEADQUAAAAAAAAAAA==",
        "18": "JgBAAGgAAUIQNBEREREREhA0EBIQEhASEBEREhASEBERMxESEDQQEhARERIQNBA0EREQMxIREBIRERERERIQMxEADQUAAAAAAAAAAA==",
        "19": "JgBAAGgAAUIQNBEREREREhA0EBIQEhASEBEREhASEBERMxESEDQQEhARERIQNBA0EREQMxIREBIRERERERIQMxEADQUAAAAAAAAAAA==",
        "20": "JgBAAGgAAUIQNBEREREREhA0EBIQEhASEBEREhASEBERMxESEDQQEhARERIQNBA0EREQMxIREBIRERERERIQMxEADQUAAAAAAAAAAA==",
        "21": "JgBAAGgAAUIQNBEREREREhA0EBIQEhASEBEREhASEBERMxESEDQQEhARERIQNBA0EREQMxIREBIRERERERIQMxEADQUAAAAAAAAAAA==",
        "22": "JgBAAGgAAUIQNBEREREREhA0EBIQEhASEBEREhASEBERMxESEDQQEhARERIQNBA0EREQMxIREBIRERERERIQMxEADQUAAAAAAAAAAA==",
        "23": "JgBAAGgAAUIQNBEREREREhA0EBIQEhASEBEREhASEBERMxESEDQQEhARERIQNBA0EREQMxIREBIRERERERIQMxEADQUAAAAAAAAAAA==",
        "24": "JgBAAGgAAUIQNBEREREREhA0EBIQEhASEBEREhASEBERMxESEDQQEhARERIQNBA0EREQMxIREBIRERERERIQMxEADQUAAAAAAAAAAA==",
        "25": "JgBAAGgAAUIQNBEREREREhA0EBIQEhASEBEREhASEBERMxESEDQQEhARERIQNBA0EREQMxIREBIRERERERIQMxEADQUAAAAAAAAAAA==",
        "26": "JgBAAGgAAUIQNBEREREREhA0EBIQEhASEBEREhASEBERMxESEDQQEhARERIQNBA0EREQMxIREBIRERERERIQMxEADQUAAAAAAAAAAA==",
        "27": "JgBAAGgAAUIQNBEREREREhA0EBIQEhASEBEREhASEBERMxESEDQQEhARERIQNBA0EREQMxIREBIRERERERIQMxEADQUAAAAAAAAAAA==",
        "28": "JgBAAGgAAUIQNBEREREREhA0EBIQEhASEBEREhASEBERMxESEDQQEhARERIQNBA0EREQMxIREBIRERERERIQMxEADQUAAAAAAAAAAA==",
        "29": "JgBAAGgAAUIQNBEREREREhA0EBIQEhASEBEREhASEBERMxESEDQQEhARERIQNBA0EREQMxIREBIRERERERIQMxEADQUAAAAAAAAAAA==",
        "30": "JgBAAGgAAUIQNBEREREREhA0EBIQEhASEBEREhASEBERMxESEDQQEhARERIQNBA0EREQMxIREBIRERERERIQMxEADQUAAAAAAAAAAA=="
      },
      "auto": {
        "16": "JgBAAGgAAUMTMxASEBIQEhA0EBEREREREREREhASEBIQMxESEDMSERASEBIQNBA0EBERMxEREjMQEhAREjMQEhAADQUAAAAAAAAAAA==",
        "17": "JgBAAGgAAUMTMxASEBIQEhA0EBEREREREREREhASEBIQMxESEDMSERASEBIQNBA0EBERMxEREjMQEhAREjMQEhAADQUAAAAAAAAAAA==",
        "18": "JgBAAGgAAUMTMxASEBIQEhA0EBEREREREREREhASEBIQMxESEDMSERASEBIQNBA0EBERMxEREjMQEhAREjMQEhAADQUAAAAAAAAAAA==",
        "19": "JgBAAGgAAUMTMxASEBIQEhA0EBEREREREREREhASEBIQMxESEDMSERASEBIQNBA0EBERMxEREjMQEhAREjMQEhAADQUAAAAAAAAAAA==",
        "20": "JgBAAGgAAUMTMxASEBIQEhA0EBEREREREREREhASEBIQMxESEDMSERASEBIQNBA0EBERMxEREjMQEhAREjMQEhAADQUAAAAAAAAAAA==",
        "21": "JgBAAGgAAUMTMxASEBIQEhA0EBEREREREREREhASEBIQMxESEDMSERASEBIQNBA0EBERMxEREjMQEhAREjMQEhAADQUAAAAAAAAAAA==",
        "22": "JgBAAGgAAUMTMxASEBIQEhA0EBEREREREREREhASEBIQMxESEDMSERASEBIQNBA0EBERMxEREjMQEhAREjMQEhAADQUAAAAAAAAAAA==",
        "23": "JgBAAGgAAUMTMxASEBIQEhA0EBEREREREREREhASEBIQMxESEDMSERASEBIQNBA0EBERMxEREjMQEhAREjMQEhAADQUAAAAAAAAAAA==",
        "24": "JgBAAGgAAUMTMxASEBIQEhA0EBEREREREREREhASEBIQMxESEDMSERASEBIQNBA0EBERMxEREjMQEhAREjMQEhAADQUAAAAAAAAAAA==",
        "25": "JgBAAGgAAUMTMxASEBIQEhA0EBEREREREREREhASEBIQMxESEDMSERASEBIQNBA0EBERMxEREjMQEhAREjMQEhAADQUAAAAAAAAAAA==",
        "26": "JgBAAGgAAUMTMxASEBIQEhA0EBEREREREREREhASEBIQMxESEDMSERASEBIQNBA0EBERMxEREjMQEhAREjMQEhAADQUAAAAAAAAAAA==",
        "27": "JgBAAGgAAUMTMxASEBIQEhA0EBEREREREREREhASEBIQMxESEDMSERASEBIQNBA0EBERMxEREjMQEhAREjMQEhAADQUAAAAAAAAAAA==",
        "28": "JgBAAGgAAUMTMxASEBIQEhA0EBEREREREREREhASEBIQMxESEDMSERASEBIQNBA0EBERMxEREjMQEhAREjMQEhAADQUAAAAAAAAAAA==",
        "29": "JgBAAGgAAUMTMxASEBIQEhA0EBEREREREREREhASEBIQMxESEDMSERASEBIQNBA0EBERMxEREjMQEhAREjMQEhAADQUAAAAAAAAAAA==",
        "30": "JgBAAGgAAUMTMxASEBIQEhA0EBEREREREREREhASEBIQMxESEDMSERASEBIQNBA0EBERMxEREjMQEhAREjMQEhAADQUAAAAAAAAAAA=="
      }
    }
  }
}
