{
    "manufacturer": "LG",
    "supportedModels": [
      "22MT47DC"
    ],
    "supportedController": "Broadlink",
    "commandsEncoding": "Base64",
    "commands": {
        "off": "JgBoAAABKZUSExEUETgSExITEhMSExEUEjgROREUETkRORE5ETkSNxMSExISExM3EhMSExITERQSOBE5ETkRFBI4EjgSOBE4EgAFLQABKUsRAAxkAAEnTBIADGMAASlLEgAMYwABKEwSAA0F",
        "on": "JgBoAAABKZUSExEUETgSExITEhMSExEUEjgROREUETkRORE5ETkSNxMSExISExM3EhMSExITERQSOBE5ETkRFBI4EjgSOBE4EgAFLQABKUsRAAxkAAEnTBIADGMAASlLEgAMYwABKEwSAA0F",
        "previousChannel": "JgBgAAABK5MTEhMSEzcTEhMSExITEhMSEzcTNhQSEzYUNhQ2FDYUNhQ2ExITEhMSExITEhMSExITEhM3EzcTNhQ2FDYUNhQ2FAAFKwABK0kTAAxjAAErSRMADGIAAStJEwANBQAAAAAAAAAA",
        "nextChannel": "JgBgAAABK5MTEhMSEzYUEhMRFBEUERQRFDYUNhQRFDYTNxM3EzcTNxMSExITEhMSExITEhMSExITNhQ2FDYUNhQ2EzcTNxM3EwAFLAABKkkTAAxjAAEqSRQADGIAASpJEwANBQAAAAAAAAAA",
        "volumeDown": "JgBgAAABK5IUERQRFDYUERMSExITEhMSEzcTNxMSEzcTNxM3EzgSNxM2FDYUERQRFBEUERQRFBEUERQREzcTOBI3EzcTNxM3EwAFLQABKUkUAAxiAAErSRMADGMAAStIFAANBQAAAAAAAAAA",
        "volumeUp": "JgBgAAABK5IUEhMRFDYUERQRFBEUERQRFDYTNxMSEzcTNxM3EzcTNxMSEzcTEhMSExITEhMSExITNxMSEzYUNhQ2FDYTNxM3EwAFLAABK0kTAAxjAAErSBQADGIAAStJEwANBQAAAAAAAAAA",
        "mute": "JgBgAAABK5MTEhMSEzcTEhMSExITEhMSEzcTNxMSEzYUNhQ2FDYUNRU2FBEUERQ2ExITEhMSExITEhM3EzcTEhM3EzYUNhQ2FAAFKwABK0kTAAxjAAEqShMADGMAASpJFAANBQAAAAAAAAAA",
        "sources": {
            "Channel 0": "JgBoAAABJ5YRFBEUETkRFBEUEhMSExITETgTNxITEjgSOBI4ETkRORITERQRFBEUETgSExITERQSOBE5ETkRORITETkQORI4EQAFLQABKUsRAAxjAAEpShIADGIAASpKEQAMYwABKUoSAA0F",
            "Channel 1": "JgBIAAABKZUSExEUETgSExEVEBUQFRAVEDkRORITEjgRORI4ETkROBM3EhMSExITETkRFBEVEBUQFBE5ETkRORITETkRORE5EQANBQ==",
            "Channel 2": "JgBgAAABKZURExITEjgSExEUEhMRFBEUEjgROREUEjgTNxI4EjgROBITEjgSExEUETkSExEUERQROREUETkROREUETgSOBI4EgAFLQABKEsSAAxjAAEoSxEADGMAASlLEgANBQAAAAAAAAAA",
            "Channel 3": "JgBoAAABKJUTEhITETkRFBEUEhMSExEUETkROREUETkRORI3EjgSOBI4EjgRFBEUETkRFBEUERQRFBEUETgTNxITETkRORI4EQAFLQABKUsRAAxjAAEoSxIADGMAAShLEgAMYwABJ0wSAA0F",
            "Channel 4": "JgBYAAABKJURFBEUETkRFBEUERQSExEUETkROBMSEjgSOBI4ETkSOBEUERQROREUETgSExITEhMRORI4ERQRORITETkSOBE4EgAFLQABKEsRAAxjAAEpSxEADQU=",
            "Channel 5": "JgBgAAABKJURFBITEjgRFBEUERQRFBEUETgTNxITETkRORE5ETkSOBE5EhMROBITEjgRFBITEhMRFRA5ERQRORITETkSOBE5EQAFLQABKEsRAAxjAAEpSxIADGIAASlLEQANBQAAAAAAAAAA",
            "Channel 6": "JgBgAAABKJYRFBETEjgSExEUERQRFBEUETgTOBEUETkRORE5ETgTNxITEjgRORITEjgRFBITERQSOBEUEhMROREUETgSOBI4EQAFLgABKEsSAAxjAAEoSxEADGQAAShLEQANBQAAAAAAAAAA",
            "Channel 7": "JgBoAAABKZURExMSEjgSFBAUExIRFBEVEDkRORITETkRORE4EjgTNxE5EjgROREUETkRFRETERQRFBEUERQROBITEjgSOBI4EQAFLQABKUsSAAxiAAEoSxIADGMAAShLEwAMYgABKEsRAA0F",
            "Channel 8": "JgBgAAABKJURFBITETkSExEUERQSExEUETgSOBITEjgSOBI4EjgROREUEhMRExI4EjgSExEUEhMSOBI4ETkRFBEUETgSOBI4EgAFLQABKEsRAAxkAAEoSxIADGIAASlLEQANBQAAAAAAAAAA",
            "Channel 9": "JgBoAAABKJURFBITETkRFBEUERQRFBITETkROREUETgSOBE5ETkSOBE5ERQSExE5ETgSFBETEhMSExE5EjgRFBEUETkSOBE4EgAFLQABKEsRAAxjAAEoSxIADGMAASdMEgAMYgABKUoSAA0F",
            "Input": "JgBoAAABK5MTEhMSEzcTEhMSExITEhMSEzYUNhQRFDYUNhQ2EzcTNxM3EzcTEhM3EzcTEhMSEzYUERQRFDYUERQREzcTNxMSEwAFLQABKUkUAAxiAAErSRMADGIAAStJEwAMYwABK0kTAA0F"
        }
    }
}