{
    "manufacturer": "Samsung",
    "supportedModels": [
      "UE40F6500"
    ],
    "supportedController": "Broadlink",
    "commandsEncoding": "Base64",
    "commands": {
        "off": "JgBGAJOVEDoQOhA6DxYPFhAVEBUQFRA6ETkROREUERQRFBEUEBUQFREUERQRORE5EBUQFRE5ETkRORE5ERUQFRA6DzsPFhAADQUAAA==",
        "on": "JgBGAJKVETkRORA6ERQRFBEUERQRFBE5ETkQOhAVEBUQFREUEBUQOhEUERQRORE5EBURFBA6EBUQOhE5EBUQFRA6EDoRFBEADQUAAA==",
        "previousChannel": "JgBGAJKVEDoQOhA6ERQQFg8WDxYQFQ87EDoQOg8WDxcOFw8VDxcOFg8XDhYRFQ47EBUPFg8WDzsPPA87EDkRFBE5EjgQOhAADQUAAA==",
        "nextChannel": "JgBGAJKVEDkROhE4EBUQFg4XDBkPFw86DzsQOg8WERQPFhAVEBUQFRA5ERUPFhA6DxYQFQ8WDzoRFQ87EDoRFBA5EToQOg8ADQUAAA==",
        "volumeDown": "JgBGAJKVEDoSOBE5EBUQFREUERQRFBA6EDoROREUEBURFBEUEBUQOhE5ERQROREUEBURFBAVEBUQFRE5ERQQOhE5EDoQOhAADQUAAA==",
        "volumeUp": "JgBGAJKVETkRORA6ERQRFBAVEBUQFRA7EDkROhAUERUQFRAUEBYQOhA6EDoPFhAVEBUQFQ8WEBUPFhAVEDoQOhA6EDoQOg8ADQUAAA==",
        "mute": "JgBGAJGWEDoQOhA6EBUQFREUEBURFBA6ETkRORITERQRFBEUEBURORE5ETkROREUERQTEhEUEBYPFhAVEBUQOg87EDoQOg8ADQUAAA==",
        "sources": {
            "Channel 0": "JgBGAJKVETkRORA7EBQSExEVDxUQFg87DzsTNw8WERQPFhAVDxYPOxAVEBUPFg87DxYRFBAVDxcPOhA6EDoQFRA6ETkQOhAADQUAAA==",
            "Channel 1": "JgBGAJOUETkSOBE5ERQRFBEUEBUQFRE5ETkROREVDxUQFhAWDhYPFhITEDoPFg8VEBYPFg8WEDoQOhAVETkQOhA6EDoQOg8ADQUAAA==",
            "Channel 2": "JgBGAJKVETkRORE5ERQQFREUERQRFBA6EjgTNxAWEBUQFRAVEBUPOxAVEDoPFhAVDxYQFRAVEBUQOhEUEDoQOhA6DzsQOhAADQUAAA==",
            "Channel 3": "JgBGAJKWDzsQOg87EBUQFQ8WEBUQFRA6DzsQOg8WDxYQFRAVDxYQFRA6EDoQFRAVEBURFA8WEDoRFBEUEDoPOxA6EDoPOxAADQUAAA==",
            "Channel 4": "JgBGAJKWEDoSOBA6EBUQFQ8WEBUPFg87EDoQOhAVEBUQExQTEBURFBAVEBUROREUEBURFBEUEDoRORE5EBUSOBE5ETkQOhEADQUAAA==",
            "Channel 5": "JgBGAJKVETkRORE5EBUQFRAVEBUSExE5ETkROREUEBURFBAVEBURORITEBUSOBEUERQQFREUExIQOhE5EBURORE5EjgQOhEADQUAAA==",
            "Channel 6": "JgBGAJKVEDoQOhE5EBURFBEUERQQFRA6ETkQOhEUEBUQFREUERQRFBE5ERQQOhAVEBUQFREUETkRFBE5EhMQOhE5ETkROREADQUAAA==",
            "Channel 7": "JgBGAJKVETkROhE5DxURFQ8WERQQFRA6EDoQOhEUDxYPFg8WEBUQFREUDzsRORAVEBUQFRAVEDoSOBITERQRORE5EDoTNxEADQUAAA==",
            "Channel 8": "JgBGAJOUETkRORE5EhMRFBAVEBUQFRA6EzcRORIUDxUQFRAVERQQOhAVEDoQOw8WEBQRFQ8WEBUQORIUEBURORA6EDoQOg8ADQUAAA==",
            "Channel 9": "JgBGAJKVETkTNxE5ERQRFBEUERQQFRE5EDoROREUERQRFBEUDxYQFRA6ETkRORAVDxYPFhAVDzsRFBAVEBUQOhA6EDoQOg8ADQUAAA==",
            "DTV": "JgBGAJSTEjgSOBI4EhMSExITEhMSExI4EjgSNxMTEhQRFBEUERQRORE4EhQSExITEhMSOBITEhMSExI4EjgSOBI4EhMSOBIADQUAAA==",
            "Antenna": "JgBGAJKVETkSOBE5EBUQFRAVERQSExI4ETkQOhAVERQRFBEUEBUQFRE5ETkQFRA6ETkQFRAVETkRFBAWDzsPFhAVDjwQOg8ADQUAAA==",
            "HDMI": "JgBGAJGWETkRORI4ERQRFBAVERQRFBE5ETkROREUEBURFBEUERQQOxA6EBUPOw8WDxYQFRA6DxYQFRA6EBUPOxA6ETkRFBEADQUAAA==",
            "HDMI 1": "JgBGAJKVETkRORE5ERQQFRAVERQQFRE5ETkROREUERQRFBEUERQRORAVERUPOxAVDzsQOhA6EBUQOhA6EBUQOhAVEBUPFhAADQUAAA==",
            "HDMI 2": "JgBGAJOUETkRORA6ERQQFRAVERQRFBA6ETkROhAVDxYQFQ8WEBUQFQ87EDoRORA6DzsQFRA6DzsPFhAVDxYQFRAVEDoQFRAADQUAAA==",
            "HDMI 3": "JgBGAJOUEDoRORE5ERQRFRAUERQRFBE5EDsQOhAVEBUPFg8WDxYPFhA6EBUPFg8WEBUROQ87EDoQFQ87EDoQOhA6EBUPFhAADQUAAA==",
            "HDMI 4": "JgBGAJOVETgRORE6DxYQFQ8WDxYPFhA6EDoQOhAVDxYQFQ8WDxYPOw8WEDoQFRAVDxYPOxA6EBUQOhAVEDoQOhA6EBUPFhAADQUAAA=="
        }
    }
}